Usuario_id,Nombre,Rut,Edad,Sexo
0,Oliver Huff,18167947-6,47,mujer
1,Jobe Campos,72810804-5,54,mujer
2,Taylan Wilks,44253237-0,23,hombre
3,Rhea Gale,45026478-4,55,mujer
4,Eshaal Searle,75576764-6,47,mujer
5,Nazia Quintero,64879120-8,18,mujer
6,Joshua Vo,69373271-9,23,hombre
7,Chay Sutherland,10517073-4,22,mujer
8,Riaan Mays,98708700-5,48,mujer
9,Harvie Forbes,58945079-5,23,hombre
10,Safia Potts,75270010-9,22,mujer
11,Sidrah Mclellan,98683815-5,23,hombre
12,Josh Small,72939187-5,57,mujer
13,Nikkita Dodson,20297901-7,33,mujer
14,Rikki Hewitt,77209293-8,55,mujer
15,Jameson Valdez,18665525-7,23,hombre
16,Kornelia Drummond,50062649-6,46,hombre
17,Mina Hebert,85973291-7,54,mujer
18,Sami Suarez,51153844-0,59,hombre
19,Rex Mckenzie,54076655-k,30,hombre
20,Asha Mckee,94821886-0,38,mujer
21,Fleur Sheppard,36552322-3,50,mujer
22,Orla Mcclure,32366948-1,54,mujer
23,Lianne Mccoy,77477421-1,21,mujer
24,Logan Kramer,13572944-2,58,mujer
25,Aamina Bean,79725605-6,60,hombre
26,Zaynah Kennedy,66183219-3,29,hombre
27,Melvin Perez,40675138-4,34,hombre
28,Alan Bonner,23000993-7,37,hombre
29,Madihah Haas,88198898-4,41,hombre
30,Roman Thomas,66199185-2,25,mujer
31,Rivka Finley,16008678-5,60,hombre
32,Dina Herman,36625090-5,22,hombre
33,Aubree Ridley,87813399-4,58,mujer
34,Lilianna Maxwell,93900888-8,50,hombre
35,Sayed Edwards,30862862-0,43,hombre
36,Patrik Rollins,43922451-7,45,hombre
37,Romilly Becker,95520055-1,24,mujer
38,Zayne David,75016224-k,18,mujer
39,Charlton Bridges,76591179-6,22,hombre
40,Ewan Chadwick,87081187-k,40,hombre
41,Ewen Little,36081017-8,49,mujer
42,Arjan Mcdermott,80291272-2,26,mujer
43,Toby Mcarthur,37200573-4,18,hombre
44,Mahi Ross,56535213-k,34,mujer
45,Benjamin Shaw,77796005-9,34,mujer
46,Laylah Grey,40350724-5,46,mujer
47,Dottie Chase,56499633-5,37,hombre
48,Bevan Pineda,23526948-1,35,hombre
49,Abubakar Gentry,86664654-6,41,hombre
50,Tehya Galvan,52916249-9,28,hombre
51,Darsh Bloom,62785039-5,45,hombre
52,Lucille Wilkerson,22145359-k,39,mujer
53,Tj Romero,63951440-4,58,mujer
54,Lamar Bailey,97004364-0,49,hombre
55,Deanna Wilder,47666047-5,29,hombre
56,Tasha Nicholson,88730119-0,58,mujer
57,Connor Prosser,53211068-8,35,hombre
58,Musab Ayala,14046488-0,19,hombre
59,Khushi Mayo,31706054-8,40,mujer
60,Ruby-Leigh Gallagher,23298212-8,22,mujer
61,Malcolm Plant,57836259-2,20,mujer
62,Mahir Nunez,97657967-4,46,mujer
63,Gerrard Quintana,59814228-9,57,mujer
64,Abbas Emerson,89336201-0,34,hombre
65,Anjali Rojas,94432090-3,42,mujer
66,Dollie Rivers,92170041-5,45,mujer
67,Inigo Castro,64272663-3,32,mujer
68,Jeremy Dunn,91790173-2,18,mujer
69,Kailum Parry,45467235-6,21,hombre
70,Aleena Parra,99075946-4,45,hombre
71,Lylah Mcguire,96392316-3,57,hombre
72,Lester Beard,73342699-3,60,hombre
73,Antonina Guzman,47865441-3,57,hombre
74,Hunter Solomon,88772168-8,24,hombre
75,Jacob Beech,87861767-3,19,mujer
76,Jana Sutton,41361801-0,48,mujer
77,Aalia Higgs,31092780-5,46,hombre
78,Diesel Hunt,11750224-4,33,hombre
79,Jena Field,72070561-3,20,mujer
80,Khadija Wells,51693674-6,51,mujer
81,Haidar Frank,92365268-k,50,mujer
82,Ariya Travis,55776079-2,49,hombre
83,Aysha Bone,83296811-0,37,mujer
84,Poppie Vang,23713134-7,54,hombre
85,Brittney Le,70624789-0,42,hombre
86,Nusaybah Fitzgerald,79425659-4,44,mujer
87,Kaelan Greenwood,66258468-1,55,mujer
88,Neve Carter,35662780-6,23,mujer
89,Kodi Higgins,40403791-9,30,mujer
90,Grover Vaughn,79480331-5,36,mujer
91,Elsie-May Chadwick,86646016-7,42,hombre
92,Eren Sargent,21666289-k,35,hombre
93,Kareena Salter,52703981-9,46,hombre
94,Giacomo Parsons,83603309-4,34,hombre
95,Maci Barrett,47326835-3,22,mujer
96,Eryk Greene,49337371-4,39,mujer
97,Tess Marshall,87442136-7,41,mujer
98,Emeli Handley,48679409-7,56,mujer
99,Dora Noble,36259502-9,48,mujer
100,Tyla Mcneil,29646441-4,50,mujer
101,Usman Lara,33402225-0,18,mujer
102,Nadir Redman,95855049-9,57,mujer
103,Isaak Esparza,51755919-9,41,mujer
104,Harriett Ayers,49993665-6,27,hombre
105,Isabel Vance,69141385-3,49,hombre
106,Joseph Broughton,33481996-5,21,hombre
107,Antoinette Schmidt,68505645-3,32,mujer
108,Kacper Glenn,47067447-4,42,mujer
109,Keenan Ryan,58557550-k,31,mujer
110,Iqra Thorne,27650119-4,51,mujer
111,Elina Lake,18812547-6,56,mujer
112,Balraj Davidson,66625711-1,26,hombre
113,Xavier Stuart,52189199-8,42,hombre
114,Eleanor Acevedo,28012525-3,30,mujer
115,Zainab James,48795285-0,30,hombre
116,Corrie Hinton,89321752-5,51,hombre
117,Diya Hansen,35066595-1,51,hombre
118,River Branch,42621036-3,40,mujer
119,Poppy Hartman,66954467-7,50,hombre
120,Nimrah Skinner,18446690-2,30,hombre
121,Jordan-Lee Norman,65227086-7,50,mujer
122,Amiya Craft,35661237-k,36,mujer
123,Jacob Gilmore,67913619-4,39,hombre
124,Arnav Franklin,83290634-4,30,hombre
125,Brayden Grey,62014673-0,52,hombre
126,Ophelia O'Doherty,92311983-3,21,hombre
127,Romana Woodley,59517619-0,26,hombre
128,Eoin Sutherland,42655208-6,35,hombre
129,Angharad Hatfield,65573855-k,55,mujer
130,Momina Read,62420431-k,37,hombre
131,Dean Schneider,56064569-4,45,hombre
132,Shivani Long,94422835-7,33,hombre
133,Elowen Gillespie,35668656-k,28,hombre
134,Ivo Patton,95437335-5,24,hombre
135,Beulah Rodriguez,63532763-4,41,mujer
136,Ruby-May Bowden,46680387-1,39,mujer
137,Kimberley Frost,85297873-2,55,hombre
138,Leonie Schofield,88132030-4,42,mujer
139,Josh Pittman,39473167-6,25,hombre
140,Desiree Webber,58154631-9,33,hombre
141,Tyriq Whitmore,38830395-6,58,hombre
142,Ashlee Alston,36030482-5,25,mujer
143,Ottilie Vega,95667888-9,21,hombre
144,Tanisha Weston,97996738-1,32,hombre
145,Sohail Huerta,96007294-4,23,mujer
146,Kasim Curry,52176953-k,35,hombre
147,Elaina Dillon,59332921-6,56,hombre
148,Dotty Lees,23298314-0,35,hombre
149,Amar Gough,31113786-7,32,mujer
150,Garrett Owen,87991170-2,50,mujer
151,Clement Johns,87631642-0,42,mujer
152,Mehdi Whitaker,17509928-k,33,mujer
153,Moesha Mclean,53089483-5,42,hombre
154,Miranda Crouch,75523496-6,50,mujer
155,Malcolm Mair,87734759-1,47,hombre
156,Dominika Mack,34424260-7,21,hombre
157,Phebe Paterson,66920820-0,45,hombre
158,Issac York,93057304-3,48,mujer
159,Akeel Peacock,82673938-k,55,mujer
160,Ceara Santana,14920531-4,57,hombre
161,Mateusz Sharma,96260856-6,43,hombre
162,Violet Mccray,86103635-9,34,hombre
163,Archie Rutledge,94384917-k,52,mujer
164,Nabeel Barry,47329036-7,29,hombre
165,Elliot English,44867899-7,50,mujer
166,Awais Vasquez,32690774-k,18,hombre
167,Aman Nixon,10544563-6,48,mujer
168,Faraz Chapman,28485302-4,60,mujer
169,Paulina Milner,63214394-k,55,hombre
170,Miyah Trevino,36044904-1,26,hombre
171,Amari Field,10206801-7,42,mujer
172,Una Kramer,34566442-4,57,hombre
173,Willie Dotson,65238271-1,57,hombre
174,Lexi-Mai Haigh,54230570-3,44,mujer
175,Abigail Coulson,76871405-3,34,hombre
176,Digby Glover,38204359-6,52,mujer
177,Don Sadler,33456182-8,42,mujer
178,Sue Iles,75806614-2,28,mujer
179,Keegan Stevens,19844189-9,53,mujer
180,Mariyah Spooner,70735043-1,41,hombre
181,Brianna Leigh,64221026-2,44,mujer
182,Mysha Storey,50453382-4,48,mujer
183,Cole Nairn,87649058-7,60,hombre
184,Malaikah Burn,75153238-5,29,mujer
185,Theresa Robson,12348490-8,21,mujer
186,Anastazja Mcdaniel,92445451-2,20,mujer
187,Traci Brookes,49604231-k,35,mujer
188,Ashlea Alexander,35288330-1,20,mujer
189,Dorothy Barclay,90870389-8,39,mujer
190,Yuvraj Doyle,52157315-5,21,mujer
191,Margot Blevins,35820841-k,28,mujer
192,Samuel Wilkerson,66361406-1,54,hombre
193,Libbie Jimenez,20843742-9,24,hombre
194,Tonya Charles,78059417-9,39,hombre
195,Lucy Sutherland,98417733-k,25,mujer
196,Sylvia Melendez,59170372-2,47,hombre
197,Ariya Mora,25070905-6,18,hombre
198,Martha Hulme,60370162-3,27,mujer
199,Kylo Hume,54982068-9,29,hombre
200,Huw Atherton,66336340-9,46,hombre
201,Shawn Brock,35685353-9,41,mujer
202,Martyn Parra,97102977-3,38,mujer
203,Franco Johnston,58155861-9,18,mujer
204,Pharrell Franklin,42168093-0,55,mujer
205,Adrianna Khan,59885368-1,37,mujer
206,Celia Durham,61554580-5,55,mujer
207,Ilyas Randall,66646618-7,43,mujer
208,Reagan Schofield,15298663-7,33,mujer
209,Tanvir Cortes,62778278-0,20,mujer
210,Bayley Melia,38287473-0,34,hombre
211,Coen Pena,11644968-4,25,hombre
212,Hilary Mair,97781705-6,28,mujer
213,Jaeden Bravo,80611905-9,42,hombre
214,Philip Turnbull,97343582-5,30,hombre
215,Aditya Vance,79693636-3,33,mujer
216,Cosmo Bush,69140468-4,56,hombre
217,Mysha Weston,48925896-k,53,mujer
218,Nicolas Zuniga,20640357-8,50,mujer
219,Ibraheem Gamble,33016426-3,45,mujer
220,Meerab Short,56790702-3,50,mujer
221,Haydn Dillard,45276568-3,52,hombre
222,Caprice Mejia,20335324-3,54,hombre
223,Gilbert Vang,42226798-0,57,mujer
224,Zidan Mcguire,43129309-9,19,hombre
225,Finnian Larson,26905798-k,43,mujer
226,Tamara Flynn,91119340-k,35,mujer
227,Shana Feeney,77625718-4,40,mujer
228,Dalton Colon,81698647-8,38,mujer
229,Thierry Shaw,15333675-k,21,mujer
230,Bronwyn Orozco,61993529-2,43,mujer
231,Nikki Pearson,22060310-5,27,hombre
232,Presley Dunkley,77520112-6,31,hombre
233,Persephone Manning,75346943-5,51,mujer
234,Sade Keller,62550748-0,60,hombre
235,Brenda Duncan,77814675-4,35,mujer
236,Lori Galvan,64370666-0,50,hombre
237,Davey Gunn,28752611-3,39,mujer
238,Rhyley Justice,74644456-7,34,mujer
239,Mohammad Frame,37500745-2,39,hombre
240,Nancy Blake,56119224-3,20,mujer
241,Danica Fletcher,59919311-1,59,hombre
242,Charlene Lambert,11087572-k,19,hombre
243,Taliyah Cope,12033288-0,43,hombre
244,Nasir Willis,49891081-5,53,mujer
245,Akeel Espinosa,55705480-4,32,hombre
246,Leoni Smyth,98642893-3,39,mujer
247,Emmanuella Prosser,49255740-4,45,hombre
248,Thiago Busby,63360085-6,33,hombre
249,Jadine Gould,26257768-6,26,mujer
250,Hiba Hough,17474518-8,33,hombre
251,Liam Ferreira,65884381-8,19,mujer
252,Laurie Kelley,47287276-1,48,mujer
253,Neil Miller,33078552-7,19,mujer
254,Dante Buckner,48776848-0,52,mujer
255,Kade Garrett,16222268-6,41,mujer
256,Cataleya Beard,95226644-6,22,hombre
257,Ivie Stark,17723136-3,30,mujer
258,Derry Garcia,83584289-4,55,mujer
259,Luciano Sheldon,92554015-3,55,mujer
260,Walter Dickinson,48345899-1,18,mujer
261,Danyl Henry,49036882-5,42,hombre
262,Elliott Robbins,96964691-9,41,mujer
263,Saima Ferry,16775393-0,56,mujer
264,Nicolle Marshall,51242629-8,35,hombre
265,Kiri Fitzpatrick,88806288-2,54,mujer
266,Terence Goff,57289805-9,47,mujer
267,Sahil Davison,49860637-7,44,hombre
268,Loretta Mcconnell,27844046-k,18,hombre
269,Jules Wainwright,45504619-k,40,hombre
270,Jad Woodcock,73453102-2,44,mujer
271,Tyreece Carter,84569598-9,40,hombre
272,Aydin Berger,94688326-3,56,hombre
273,Elisha Mitchell,84078768-0,39,mujer
274,Manraj Pope,91223172-0,56,mujer
275,Otto Guest,51317447-0,55,hombre
276,Rafi Joyce,78463527-9,35,hombre
277,Eren Eastwood,46025545-7,28,mujer
278,Trent Delacruz,40424433-7,34,mujer
279,Princess Sharp,68428477-0,35,hombre
280,Leja Reeves,28630079-0,46,mujer
281,Santiago Robles,63824003-3,57,hombre
282,Shaunie Naylor,58307021-4,49,mujer
283,Isaac Halliday,77983700-9,26,hombre
284,Humaira Yoder,57189229-4,35,mujer
285,Shivam Frey,41581842-4,56,mujer
286,Courtnie Duffy,55106753-k,35,mujer
287,Sneha Joseph,19735595-6,58,hombre
288,Ella-Louise Tillman,45024924-6,53,hombre
289,Antonio Chan,63884576-8,39,mujer
290,Aariz Berry,61262323-6,48,hombre
291,Spike Kim,24129722-5,40,hombre
292,Aizah Castro,39567466-8,44,hombre
293,Dolcie Handley,94888169-1,46,hombre
294,Gracie-Mae Gilbert,31642814-2,43,mujer
295,Elysia Huerta,79195789-3,28,mujer
296,Akash Riley,56292778-6,36,hombre
297,Jem Bailey,33670116-3,47,mujer
298,Jane Fernandez,48040287-1,28,hombre
299,Georgina Sargent,14761964-2,46,mujer
300,Willie Greig,27712443-2,23,hombre
301,Alina Payne,51853396-7,41,mujer
302,Tatiana Williams,23711490-6,49,mujer
303,Tevin Rosas,53523140-0,39,mujer
304,Naseem Schmitt,49974632-6,40,mujer
305,Ed Sierra,95598580-k,33,mujer
306,Kabir Melendez,49798131-k,34,hombre
307,Jakub Huang,71591727-0,50,mujer
308,Nelly Butler,30760014-5,26,hombre
309,Hope Serrano,33904341-8,26,mujer
310,Carson Edmonds,78331019-8,52,hombre
311,Jimmy Pratt,64903395-1,43,hombre
312,Zayan Solomon,45125749-8,41,mujer
313,Fredrick Esparza,81498697-7,51,hombre
314,Dominik Butt,78599189-3,53,mujer
315,Usman Church,85682952-9,59,hombre
316,Zach Hinton,47738259-2,59,mujer
317,Lea Atkins,48425773-6,51,mujer
318,Amos Santiago,82645956-5,60,hombre
319,Rickie Maguire,55956975-5,50,mujer
320,Liliana Leal,99875339-2,18,mujer
321,Nicole Holland,29858450-6,32,mujer
322,Skyla Dorsey,74759859-2,42,hombre
323,Huma Phelps,46012714-9,55,mujer
324,Richie Petty,43630930-9,28,hombre
325,Rabia Pugh,56425505-k,57,hombre
326,Owen Drummond,16239796-6,56,mujer
327,Keane Hoover,10165029-4,54,hombre
328,Jordon Hester,82809947-7,44,hombre
329,Samera Macleod,37492390-0,44,hombre
330,Margaux Battle,87544765-3,46,mujer
331,Huey Leonard,97901764-2,32,mujer
332,Nabil Ruiz,99294258-4,50,hombre
333,Imani Decker,48060937-9,35,hombre
334,Waqas Buchanan,85411178-7,29,mujer
335,Zayaan Morrison,10959343-5,22,hombre
336,Kianna Flowers,74630833-7,52,mujer
337,Milosz Wicks,20909860-1,44,hombre
338,Harri Burrows,23748548-3,24,hombre
339,David Hubbard,25572424-k,30,mujer
340,Saanvi Bernard,75653640-0,38,mujer
341,Anabel Montgomery,49359132-0,23,mujer
342,Janet Delarosa,50270274-2,60,hombre
343,Jerry Delaney,46080300-4,28,hombre
344,Fenella Galvan,99265623-9,25,mujer
345,Taine Calvert,75039658-5,60,hombre
346,Thea Whiteley,79735673-5,49,hombre
347,Vikki Bradshaw,34864642-7,47,mujer
348,Cruz Winter,38563658-k,40,mujer
349,Mollie Fraser,13463271-2,35,hombre
350,Saif Bostock,50109588-5,39,mujer
351,Maciej Romero,44126502-6,25,mujer
352,Hilda Brett,73352137-6,48,hombre
353,Hussein Hobbs,70156418-9,27,hombre
354,Michele Corbett,96557795-5,23,hombre
355,Grady Esquivel,76413818-k,50,mujer
356,Ariella Werner,66119831-1,28,hombre
357,Vinny Vazquez,81600879-4,21,hombre
358,Eamon Conway,69698793-9,53,hombre
359,Emme Marriott,91888069-0,58,hombre
360,Jae Ali,73075290-3,23,mujer
361,Sade Slater,95932617-7,48,mujer
362,Kerys Joseph,69402733-4,20,hombre
363,Gia Elliott,67391164-1,46,hombre
364,Kenny Gaines,81492646-k,23,hombre
